concentration,measurement,fit,stderr,serum,virus,upper,lower
2.0863822432174402e-05,,0.827615355077574,,dimeric-bEFNB2,NiV-pseudo,,
2.1853632970091413e-05,,0.8133886036700247,,dimeric-bEFNB2,NiV-pseudo,,
2.289040158120701e-05,,0.7982739158327906,,dimeric-bEFNB2,NiV-pseudo,,
2.397635602583892e-05,,0.7822627198710549,,dimeric-bEFNB2,NiV-pseudo,,
2.511382975254342e-05,,0.7653542475308445,,dimeric-bEFNB2,NiV-pseudo,,
2.630526691212101e-05,,0.7475564696472083,,dimeric-bEFNB2,NiV-pseudo,,
2.755322760949474e-05,,0.7288869350488884,,dimeric-bEFNB2,NiV-pseudo,,
2.8860393404744533e-05,,0.7093734667174039,,dimeric-bEFNB2,NiV-pseudo,,
3.022957307511957e-05,,0.6890546682929607,,dimeric-bEFNB2,NiV-pseudo,,
3.166370865040816e-05,,0.6679801959871094,,dimeric-bEFNB2,NiV-pseudo,,
3.316588173463542e-05,,0.6462107562299534,,dimeric-bEFNB2,NiV-pseudo,,
3.4739320127670575e-05,,0.6238177981340245,,dimeric-bEFNB2,NiV-pseudo,,
3.6387404760974204e-05,,0.6008828819634802,,dimeric-bEFNB2,NiV-pseudo,,
3.8113676962386436e-05,,0.577496719752672,,dimeric-bEFNB2,NiV-pseudo,,
3.9921846065568584e-05,,0.5537579011426891,,dimeric-bEFNB2,NiV-pseudo,,
4.1815797380446704e-05,,0.5297713351911946,,dimeric-bEFNB2,NiV-pseudo,,
4.379960054178605e-05,,0.5056464559288459,,dimeric-bEFNB2,NiV-pseudo,,
4.5e-05,0.49116000000000004,0.49155422594626597,0.0072299999999999994,dimeric-bEFNB2,NiV-pseudo,0.49839000000000006,0.48393
4.587751825383288e-05,,0.481495254283053,,dimeric-bEFNB2,NiV-pseudo,,
4.80540154498164e-05,,0.457430210273373,,dimeric-bEFNB2,NiV-pseudo,,
5.033376888598949e-05,,0.4335622059991351,,dimeric-bEFNB2,NiV-pseudo,,
5.272167719082638e-05,,0.40999850122514464,,dimeric-bEFNB2,NiV-pseudo,,
5.5222871390968084e-05,,0.38684084919555944,,dimeric-bEFNB2,NiV-pseudo,,
5.7842725936534165e-05,,0.3641838210905836,,dimeric-bEFNB2,NiV-pseudo,,
6.058687024949277e-05,,0.34211339419930686,,dimeric-bEFNB2,NiV-pseudo,,
6.346120081990053e-05,,0.3207058426939816,,dimeric-bEFNB2,NiV-pseudo,,
6.647189387600804e-05,,0.3000269523304503,,dimeric-bEFNB2,NiV-pseudo,,
6.962541865545165e-05,,0.28013156295175656,,dimeric-bEFNB2,NiV-pseudo,,
7.292855130605245e-05,,0.26106342666483817,,dimeric-bEFNB2,NiV-pseudo,,
7.638838944608729e-05,,0.24285535603603053,,dimeric-bEFNB2,NiV-pseudo,,
8.001236741532315e-05,,0.22552962629130557,,dimeric-bEFNB2,NiV-pseudo,,
8.380827224958032e-05,,0.20909858861487582,,dimeric-bEFNB2,NiV-pseudo,,
8.778426041315531e-05,,0.19356544817003052,,dimeric-bEFNB2,NiV-pseudo,,
9.19488753250517e-05,,0.17892516009365886,,dimeric-bEFNB2,NiV-pseudo,,
9.631106571668415e-05,,0.16516539892085985,,dimeric-bEFNB2,NiV-pseudo,,
0.00010088020486049617,,0.15226756105437453,,dimeric-bEFNB2,NiV-pseudo,,
0.00010566611071081455,,0.14020776535776558,,dimeric-bEFNB2,NiV-pseudo,,
0.00011067906700021351,,0.12895782311522563,,dimeric-bEFNB2,NiV-pseudo,,
0.00011592984533672271,,0.11848615494336137,,dimeric-bEFNB2,NiV-pseudo,,
0.00012142972834935917,,0.10875863834925073,,dimeric-bEFNB2,NiV-pseudo,,
0.00012719053393171723,,0.09973937520804212,,dimeric-bEFNB2,NiV-pseudo,,
0.00013322464063571043,,0.09139137329535879,,dimeric-bEFNB2,NiV-pseudo,,
0.000134,0.092765,0.09039161877768347,0.004394999999999996,dimeric-bEFNB2,NiV-pseudo,0.09716,0.08837
0.00013954501427002972,,0.08367714006247642,,dimeric-bEFNB2,NiV-pseudo,,
0.00014616523576047223,,0.0765591900689774,,dimeric-bEFNB2,NiV-pseudo,,
0.0001530995303320046,,0.07000046992734311,,dimeric-bEFNB2,NiV-pseudo,,
0.00016036279807526694,,0.06396470634260763,,dimeric-bEFNB2,NiV-pseudo,,
0.00016797064596319654,,0.05841668394456895,,dimeric-bEFNB2,NiV-pseudo,,
0.00017593942138656842,,0.053322460215107,,dimeric-bEFNB2,NiV-pseudo,,
0.0001842862472805087,,0.04864952501272339,,dimeric-bEFNB2,NiV-pseudo,,
0.00019302905891746647,,0.044366912086852214,,dimeric-bEFNB2,NiV-pseudo,,
0.00020218664244569238,,0.04044526964102755,,dimeric-bEFNB2,NiV-pseudo,,
0.0002117786752560462,,0.036856896518886954,,dimeric-bEFNB2,NiV-pseudo,,
0.00022182576826385855,,0.03357575000940678,,dimeric-bEFNB2,NiV-pseudo,,
0.00023234951019671324,,0.03057743064427868,,dimeric-bEFNB2,NiV-pseudo,,
0.00024337251398330167,,0.027839148726397187,,dimeric-bEFNB2,NiV-pseudo,,
0.00025491846534303654,,0.025339676709746406,,dimeric-bEFNB2,NiV-pseudo,,
0.0002670121736808273,,0.023059290965311723,,dimeric-bEFNB2,NiV-pseudo,,
0.000279679625396379,,0.02097970592626992,,dimeric-bEFNB2,NiV-pseudo,,
0.0002929480397225631,,0.01908400311491441,,dimeric-bEFNB2,NiV-pseudo,,
0.00030684592721284256,,0.017356557116052208,,dimeric-bEFNB2,NiV-pseudo,,
0.0003214031510034277,,0.01578296017673439,,dimeric-bEFNB2,NiV-pseudo,,
0.00033665099098179773,,0.014349946778034115,,dimeric-bEFNB2,NiV-pseudo,,
0.0003526222109994747,,0.013045319237817266,,dimeric-bEFNB2,NiV-pseudo,,
0.0003693511292734642,,0.011857875160006522,,dimeric-bEFNB2,NiV-pseudo,,
0.00038687369212765427,,0.010777337341321941,,dimeric-bEFNB2,NiV-pseudo,,
0.000403,0.00016,0.009906378126369892,7e-05,dimeric-bEFNB2,NiV-pseudo,0.00023,9.000000000000002e-05
0.00040522755123260365,,0.009794286576447797,,dimeric-bEFNB2,NiV-pseudo,,
0.0004244521445097115,,0.008900097662692164,,dimeric-bEFNB2,NiV-pseudo,,
0.00044458878087358795,,0.00808687879141563,,dimeric-bEFNB2,NiV-pseudo,,
0.000465680728994741,,0.007347414422050787,,dimeric-bEFNB2,NiV-pseudo,,
0.0004877733102732824,,0.006675111662044086,,dimeric-bEFNB2,NiV-pseudo,,
0.0005109139962234575,,0.006063950119504737,,dimeric-bEFNB2,NiV-pseudo,,
0.0005351525104782289,,0.005508435152106158,,dimeric-bEFNB2,NiV-pseudo,,
0.0005605409356331154,,0.005003554403545725,,dimeric-bEFNB2,NiV-pseudo,,
0.0005871338251588582,,0.0045447374956542,,dimeric-bEFNB2,NiV-pseudo,,
0.0006149883206233886,,0.004127818728362685,,dimeric-bEFNB2,NiV-pseudo,,
0.0006441642744749805,,0.003749002629751576,,dimeric-bEFNB2,NiV-pseudo,,
0.0006747243786504148,,0.0034048321931179643,,dimeric-bEFNB2,NiV-pseudo,,
0.0007067342992845072,,0.0030921596363994337,,dimeric-bEFNB2,NiV-pseudo,,
0.0007402628178104534,,0.0028081195205491988,,dimeric-bEFNB2,NiV-pseudo,,
0.0007753819787541834,,0.00255010406688296,,dimeric-bEFNB2,NiV-pseudo,,
0.0008121672445402978,,0.0023157405184500426,,dimeric-bEFNB2,NiV-pseudo,,
0.00085069765764223,,0.002102870396664068,,dimeric-bEFNB2,NiV-pseudo,,
0.0008910560104250397,,0.0019095305113948438,,dimeric-bEFNB2,NiV-pseudo,,
0.00093332902304582,,0.0017339355901796092,,dimeric-bEFNB2,NiV-pseudo,,
0.0009776075297939365,,0.0015744623999282197,,dimeric-bEFNB2,NiV-pseudo,,
0.00102398667427155,,0.001429635242290981,,dimeric-bEFNB2,NiV-pseudo,,
0.0010725661138337637,,0.0012981127115930307,,dimeric-bEFNB2,NiV-pseudo,,
0.0011234502337277399,,0.0011786756118087364,,dimeric-bEFNB2,NiV-pseudo,,
0.0011767483713908656,,0.0010702159363783622,,dimeric-bEFNB2,NiV-pseudo,,
0.00121,1e-05,0.001009870729718548,0.0,dimeric-bEFNB2,NiV-pseudo,1e-05,1e-05
0.0012325750513899815,,0.0009717268217009705,,dimeric-bEFNB2,NiV-pseudo,,
0.0012910502315064505,,0.0008822933918365722,,dimeric-bEFNB2,NiV-pseudo,,
0.0013522995604958806,,0.0008010844182929636,,dimeric-bEFNB2,NiV-pseudo,,
0.0014164546480763443,,0.0007273447247476733,,dimeric-bEFNB2,NiV-pseudo,,
0.001483653347725237,,0.0006603882721591703,,dimeric-bEFNB2,NiV-pseudo,,
0.001554040052892439,,0.000599591864957709,,dimeric-bEFNB2,NiV-pseudo,,
0.0016277660072662637,,0.0005443894238830867,,dimeric-bEFNB2,NiV-pseudo,,
0.0017049896297588827,,0.0004942667755660485,,dimeric-bEFNB2,NiV-pseudo,,
0.0017858768549095386,,0.0004487569131465758,,dimeric-bEFNB2,NiV-pseudo,,
0.0018706014894369883,,0.00040743568610186834,,dimeric-bEFNB2,NiV-pseudo,,
0.001959345585707319,,0.00036991788103666955,,dimeric-bEFNB2,NiV-pseudo,,
0.002052299832919642,,0.0003358536584862363,,dimeric-bEFNB2,NiV-pseudo,,
0.002149663966850182,,0.0003049253138155356,,dimeric-bEFNB2,NiV-pseudo,,
0.0022516471990352642,,0.0002768443330845383,,dimeric-bEFNB2,NiV-pseudo,,
0.002358468666315371,,0.000251348717306048,,dimeric-bEFNB2,NiV-pseudo,,
0.002470357901706202,,0.0002282005508656683,,dimeric-bEFNB2,NiV-pseudo,,
0.0025875553276085927,,0.00020718379201914702,,dimeric-bEFNB2,NiV-pseudo,,
0.002710312772417013,,0.00018810226534547278,,dimeric-bEFNB2,NiV-pseudo,,
0.0028388940116367478,,0.00017077783782882286,,dimeric-bEFNB2,NiV-pseudo,,
0.002973575334672468,,0.00015504876188218708,,dimeric-bEFNB2,NiV-pseudo,,
0.0031146461385060976,,0.00014076817012265004,,dimeric-bEFNB2,NiV-pseudo,,
0.003262409549539625,,0.00012780270807457767,,dimeric-bEFNB2,NiV-pseudo,,
0.003417183074939061,,0.00011603129222313634,,dimeric-bEFNB2,NiV-pseudo,,
0.003579299284879115,,0.00010534398197673725,,dimeric-bEFNB2,NiV-pseudo,,
0.003631,1e-05,0.00010224106621231776,0.0,dimeric-bEFNB2,NiV-pseudo,1e-05,1e-05
0.0037491065271545664,,9.564095513243502e-05,,dimeric-bEFNB2,NiV-pseudo,,
0.003926969675693851,,8.683157738161425e-05,,dimeric-bEFNB2,NiV-pseudo,,
0.004113270914583243,,7.883355725238005e-05,,dimeric-bEFNB2,NiV-pseudo,,
0.0043084105592862965,,7.157217866722933e-05,,dimeric-bEFNB2,NiV-pseudo,,
0.004512807916823149,,6.497960400650601e-05,,dimeric-bEFNB2,NiV-pseudo,,
0.00472690218675801,,5.8994241215993284e-05,,dimeric-bEFNB2,NiV-pseudo,,
0.004951153404930811,,5.3560169086406615e-05,,dimeric-bEFNB2,NiV-pseudo,,
0.0051860434319608885,,4.8626615368686703e-05,,dimeric-bEFNB2,NiV-pseudo,,
0.005432076988646757,,4.4147482876582696e-05,,dimeric-bEFNB2,NiV-pseudo,,
0.0056897827404867275,,4.0080919171387735e-05,,dimeric-bEFNB2,NiV-pseudo,,
0.005959714433650838,,3.638892582678555e-05,,dimeric-bEFNB2,NiV-pseudo,,
0.00624245208484494,,3.3037003638210815e-05,,dimeric-bEFNB2,NiV-pseudo,,
0.0065386032276237025,,2.9993830474197087e-05,,dimeric-bEFNB2,NiV-pseudo,,
0.006848804217830545,,2.7230968769899772e-05,,dimeric-bEFNB2,NiV-pseudo,,
0.007173721600969563,,2.4722599938073888e-05,,dimeric-bEFNB2,NiV-pseudo,,
0.0075140535444476065,,2.244528322275545e-05,,dimeric-bEFNB2,NiV-pseudo,,
0.00787053133776402,,2.0377736748018917e-05,,dimeric-bEFNB2,NiV-pseudo,,
0.008243920963871623,,1.8500638720531674e-05,,dimeric-bEFNB2,NiV-pseudo,,
0.008635024745085353,,1.6796446932089963e-05,,dimeric-bEFNB2,NiV-pseudo,,
0.00904468306707525,,1.5249234878615981e-05,,dimeric-bEFNB2,NiV-pseudo,,
0.00947377618464823,,1.3844542966786732e-05,,dimeric-bEFNB2,NiV-pseudo,,
0.009923226113198782,,1.2569243419975535e-05,,dimeric-bEFNB2,NiV-pseudo,,
0.010393998609892905,,1.1411417622809832e-05,,dimeric-bEFNB2,NiV-pseudo,,
0.01088710524884232,,1.0360244759562304e-05,,dimeric-bEFNB2,NiV-pseudo,,
0.010893,5e-06,1.0348559008735443e-05,4.9999999999999996e-06,dimeric-bEFNB2,NiV-pseudo,9.999999999999999e-06,8.470329472543003e-22
0.011403605594728021,,9.405900706866361e-06,,dimeric-bEFNB2,NiV-pseudo,,
0.011944609479543724,,8.539466236855066e-06,,dimeric-bEFNB2,NiV-pseudo,,
0.012511279387351387,,7.752843673649681e-06,,dimeric-bEFNB2,NiV-pseudo,,
0.013104832952173108,,7.038681224974121e-06,,dimeric-bEFNB2,NiV-pseudo,,
0.013726545574386573,,6.390304282276497e-06,,dimeric-bEFNB2,NiV-pseudo,,
0.014377753161246301,,5.8016530477613635e-06,,dimeric-bEFNB2,NiV-pseudo,,
0.015059854997419199,,5.26722590578243e-06,,dimeric-bEFNB2,NiV-pseudo,,
0.01577431675170256,,4.782028009661227e-06,,dimeric-bEFNB2,NiV-pseudo,,
0.016522673626385233,,4.341524603682915e-06,,dimeric-bEFNB2,NiV-pseudo,,
0.0173065336560191,,3.941598644227747e-06,,dimeric-bEFNB2,NiV-pseudo,,
0.018127581162689144,,3.578512324137506e-06,,dimeric-bEFNB2,NiV-pseudo,,
0.018987580375206693,,3.2488721408638026e-06,,dimeric-bEFNB2,NiV-pseudo,,
0.01988837922000243,,2.9495971820392615e-06,,dimeric-bEFNB2,NiV-pseudo,,
0.020831913291865064,,2.67789033216106e-06,,dimeric-bEFNB2,NiV-pseudo,,
0.021820210013057628,,2.431212131359569e-06,,dimeric-bEFNB2,NiV-pseudo,,
0.022855392989748452,,2.207257041996815e-06,,dimeric-bEFNB2,NiV-pseudo,,
0.023939686575117615,,2.003931901331386e-06,,dimeric-bEFNB2,NiV-pseudo,,
0.025075420648943924,,1.8193363589077926e-06,,dimeric-bEFNB2,NiV-pseudo,,
0.026265035623942553,,1.6517451158697435e-06,,dimeric-bEFNB2,NiV-pseudo,,
0.027511087689610705,,1.4995918002312496e-06,,dimeric-bEFNB2,NiV-pseudo,,
0.028816254304849076,,1.3614543274239438e-06,,dimeric-bEFNB2,NiV-pseudo,,
0.03018333995116149,,1.2360416093162228e-06,,dimeric-bEFNB2,NiV-pseudo,,
0.031615282158794535,,1.1221814874992928e-06,,dimeric-bEFNB2,NiV-pseudo,,
0.03268,5e-06,1.0472992958850806e-06,4.9999999999999996e-06,dimeric-bEFNB2,NiV-pseudo,9.999999999999999e-06,8.470329472543003e-22
0.03311515781876647,,1.0188097780743557e-06,,dimeric-bEFNB2,NiV-pseudo,,
0.034686189794347976,,9.249603255611556e-07,,dimeric-bEFNB2,NiV-pseudo,,
0.03633175384620122,,8.397559729775349e-07,,dimeric-bEFNB2,NiV-pseudo,,
0.03805538588605796,,7.624003637007406e-07,,dimeric-bEFNB2,NiV-pseudo,,
0.039860789574522604,,6.921704984939663e-07,,dimeric-bEFNB2,NiV-pseudo,,
0.04175184427932646,,6.284099781384364e-07,,dimeric-bEFNB2,NiV-pseudo,,
0.0437326134111332,,5.705228685183335e-07,,dimeric-bEFNB2,NiV-pseudo,,
0.045807353154807294,,5.179681308227291e-07,,dimeric-bEFNB2,NiV-pseudo,,
0.04798052161490665,,4.702545648098357e-07,,dimeric-bEFNB2,NiV-pseudo,,
0.05025678839505106,,4.2693621787363293e-07,,dimeric-bEFNB2,NiV-pseudo,,
0.05264104463174984,,3.8760821700606407e-07,,dimeric-bEFNB2,NiV-pseudo,,
0.055138413504249216,,3.5190298470017214e-07,,dimeric-bEFNB2,NiV-pseudo,,
0.057754261242982316,,3.1948680342772507e-07,,dimeric-bEFNB2,NiV-pseudo,,
0.06049420866027632,,2.9005669658254995e-07,,dimeric-bEFNB2,NiV-pseudo,,
0.06336414322809332,,2.633375967384179e-07,,dimeric-bEFNB2,NiV-pseudo,,
0.06637023172875703,,2.3907977475551307e-07,,dimeric-bEFNB2,NiV-pseudo,,
0.069518933505849,,2.170565057073852e-07,,dimeric-bEFNB2,NiV-pseudo,,
0.07281701434374611,,1.9706194981361088e-07,,dimeric-bEFNB2,NiV-pseudo,,
0.07627156100562468,,1.789092285728068e-07,,dimeric-bEFNB2,NiV-pseudo,,
0.07988999646116843,,1.6242867811501945e-07,,dimeric-bEFNB2,NiV-pseudo,,
0.08368009583670157,,1.4746626344880219e-07,,dimeric-bEFNB2,NiV-pseudo,,
0.08765000312201975,,1.3388213878204295e-07,,dimeric-bEFNB2,NiV-pseudo,,
0.09180824866981767,,1.2154934046082985e-07,,dimeric-bEFNB2,NiV-pseudo,,
0.09616376752531541,,1.1035260031011652e-07,,dimeric-bEFNB2,NiV-pseudo,,
0.098039,2.5e-05,1.059973618367139e-07,1.4999999999999999e-05,dimeric-bEFNB2,NiV-pseudo,3.9999999999999996e-05,1.0000000000000003e-05
0.10072591862546933,,1.0018726828524833e-07,,dimeric-bEFNB2,NiV-pseudo,,
0.10550450490902177,,9.095833436505849e-08,,dimeric-bEFNB2,NiV-pseudo,,
0.11050979438060136,,8.257954054477798e-08,,dimeric-bEFNB2,NiV-pseudo,,
0.11575254217413515,,7.49725746291029e-08,,dimeric-bEFNB2,NiV-pseudo,,
0.12124401366298176,,6.806633829029126e-08,,dimeric-bEFNB2,NiV-pseudo,,
0.12699600866644328,,6.179628255026575e-08,,dimeric-bEFNB2,NiV-pseudo,,
0.13302088680466978,,5.610380447586582e-08,,dimeric-bEFNB2,NiV-pseudo,,
0.13933159405643816,,5.093569944851164e-08,,dimeric-bEFNB2,NiV-pseudo,,
0.14594169057687076,,4.62436638889619e-08,,dimeric-bEFNB2,NiV-pseudo,,
0.15286537983486825,,4.198384378941679e-08,,dimeric-bEFNB2,NiV-pseudo,,
0.16011753913286458,,3.8116424833353754e-08,,dimeric-bEFNB2,NiV-pseudo,,
0.16771375157448545,,3.4605260272175206e-08,,dimeric-bEFNB2,NiV-pseudo,,
0.17567033954879765,,3.141753308064116e-08,,dimeric-bEFNB2,NiV-pseudo,,
0.18400439980310268,,2.852344923343913e-08,,dimeric-bEFNB2,NiV-pseudo,,
0.19273384017963427,,2.589595923611832e-08,,dimeric-bEFNB2,NiV-pseudo,,
0.20187741809509951,,2.351050530768983e-08,,dimeric-bEFNB2,NiV-pseudo,,
0.21145478084574618,,2.1344791851947025e-08,,dimeric-bEFNB2,NiV-pseudo,,
9.274831736462816e-05,,0.9149892662993994,,monomeric-bEFNB2,NiV-pseudo,,
9.714715734175318e-05,,0.9111289368622346,,monomeric-bEFNB2,NiV-pseudo,,
0.00010175462421038571,,0.9071111062427447,,monomeric-bEFNB2,NiV-pseudo,,
0.00010658061266551074,,0.902930982766221,,monomeric-bEFNB2,NiV-pseudo,,
0.00011163548668480283,,0.8985837792564964,,monomeric-bEFNB2,NiV-pseudo,,
0.00011693010178562826,,0.8940647292274648,,monomeric-bEFNB2,NiV-pseudo,,
0.00012247582833764515,,0.889369104468538,,monomeric-bEFNB2,NiV-pseudo,,
0.0001282845759810671,,0.884492234048885,,monomeric-bEFNB2,NiV-pseudo,,
0.00013436881920302822,,0.8794295247547262,,monomeric-bEFNB2,NiV-pseudo,,
0.0001407416241269779,,0.8741764829617469,,monomeric-bEFNB2,NiV-pseudo,,
0.00014741667657263392,,0.8687287379307735,,monomeric-bEFNB2,NiV-pseudo,,
0.00015440831144675516,,0.8630820664992114,,monomeric-bEFNB2,NiV-pseudo,,
0.00016173154352785142,,0.8572324191233228,,monomeric-bEFNB2,NiV-pseudo,,
0.00016940209971094133,,0.8511759472073073,,monomeric-bEFNB2,NiV-pseudo,,
0.00017743645278160504,,0.844909031634349,,monomeric-bEFNB2,NiV-pseudo,,
0.00018585185679186291,,0.8384283123924563,,monomeric-bEFNB2,NiV-pseudo,,
0.00019466638411385107,,0.8317307191641865,,monomeric-bEFNB2,NiV-pseudo,,
0.0002,0.769185,0.827722528648202,0.0026349999999999707,monomeric-bEFNB2,NiV-pseudo,0.77182,0.7665500000000001
0.00020389896425086754,,0.8248135027244452,,monomeric-bEFNB2,NiV-pseudo,,
0.00021356942448913773,,0.8176742669647263,,monomeric-bEFNB2,NiV-pseudo,,
0.00022369853247759886,,0.8103110013357834,,monomeric-bEFNB2,NiV-pseudo,,
0.00023430804082714784,,0.8027221134741636,,monomeric-bEFNB2,NiV-pseudo,,
0.0002454207338251273,,0.7949064617517682,,monomeric-bEFNB2,NiV-pseudo,,
0.0002570604763653733,,0.7868633874621408,,monomeric-bEFNB2,NiV-pseudo,,
0.00026925226519890346,,0.7785927463331114,,monomeric-bEFNB2,NiV-pseudo,,
0.0002820222826153065,,0.7700949390333581,,monomeric-bEFNB2,NiV-pseudo,,
0.0002953979526701182,,0.7613709403210507,,monomeric-bEFNB2,NiV-pseudo,,
0.0003094080000789323,,0.752422326466719,,monomeric-bEFNB2,NiV-pseudo,,
0.0003240825119047236,,0.7432513005705068,,monomeric-bEFNB2,NiV-pseudo,,
0.00033945300217086015,,0.7338607153867667,,monomeric-bEFNB2,NiV-pseudo,,
0.00035555247953856237,,0.7242540932671281,,monomeric-bEFNB2,NiV-pseudo,,
0.0003724155181941462,,0.7144356428373934,,monomeric-bEFNB2,NiV-pseudo,,
0.00039007833209829263,,0.7044102720343518,,monomeric-bEFNB2,NiV-pseudo,,
0.00040857885275677935,,0.6941835971463404,,monomeric-bEFNB2,NiV-pseudo,,
0.00042795681067970973,,0.6837619475263487,,monomeric-bEFNB2,NiV-pseudo,,
0.0004482538207041604,,0.6731523656788783,,monomeric-bEFNB2,NiV-pseudo,,
0.00046951347136348813,,0.6623626024615374,,monomeric-bEFNB2,NiV-pseudo,,
0.0004917814184952176,,0.6514011071893026,,monomeric-bEFNB2,NiV-pseudo,,
0.0005151054832885373,,0.6402770124830659,,monomeric-bEFNB2,NiV-pseudo,,
0.0005395357549819623,,0.6290001137639059,,monomeric-bEFNB2,NiV-pseudo,,
0.0005651246984317123,,0.6175808433596005,,monomeric-bEFNB2,NiV-pseudo,,
0.0005919272667818115,,0.6060302392592553,,monomeric-bEFNB2,NiV-pseudo,,
0.0006,0.634845,0.6026304821857069,0.013824999999999976,monomeric-bEFNB2,NiV-pseudo,0.64867,0.62102
0.0006200010194778694,,0.594359908624287,,monomeric-bEFNB2,NiV-pseudo,,
0.0006494062458779943,,0.5825819862380438,,monomeric-bEFNB2,NiV-pseudo,,
0.0006802060947262731,,0.5707090881505436,,monomeric-bEFNB2,NiV-pseudo,,
0.0007124667097668978,,0.558754260847575,,monomeric-bEFNB2,NiV-pseudo,,
0.000746257371790148,,0.5467309263431565,,monomeric-bEFNB2,NiV-pseudo,,
0.0007816506474152927,,0.5346528236593925,,monomeric-bEFNB2,NiV-pseudo,,
0.0008187225449299238,,0.522533947216633,,monomeric-bEFNB2,NiV-pseudo,,
0.0008575526775203905,,0.5103884827080228,,monomeric-bEFNB2,NiV-pseudo,,
0.0008982244342438807,,0.4982307410747692,,monomeric-bEFNB2,NiV-pseudo,,
0.000940825159109314,,0.48607509123069065,,monomeric-bEFNB2,NiV-pseudo,,
0.000985446338651633,,0.47393589220596855,,monomeric-bEFNB2,NiV-pseudo,,
0.0010321837984023075,,0.46182742539000604,,monomeric-bEFNB2,NiV-pseudo,,
0.001081137908677999,,0.4497638275515755,,monomeric-bEFNB2,NiV-pseudo,,
0.0011324138001292828,,0.4377590253011367,,monomeric-bEFNB2,NiV-pseudo,,
0.001186121589512387,,0.42582667163557403,,monomeric-bEFNB2,NiV-pseudo,,
0.0012423766161687292,,0.4139800851704009,,monomeric-bEFNB2,NiV-pseudo,,
0.0013012996897201685,,0.4022321926194724,,monomeric-bEFNB2,NiV-pseudo,,
0.0013630173495118533,,0.39059547502872394,,monomeric-bEFNB2,NiV-pseudo,,
0.0014276621363598593,,0.37908191820961523,,monomeric-bEFNB2,NiV-pseudo,,
0.0014953728771871897,,0.3677029677513849,,monomeric-bEFNB2,NiV-pseudo,,
0.0015662949831594104,,0.3564694889204299,,monomeric-bEFNB2,NiV-pseudo,,
0.0016405807619601762,,0.3453917316817718,,monomeric-bEFNB2,NiV-pseudo,,
0.001718389744877257,,0.33447930100325884,,monomeric-bEFNB2,NiV-pseudo,,
0.00179,0.35843,0.32500846803803785,0.02058,monomeric-bEFNB2,NiV-pseudo,0.37901,0.33785000000000004
0.0017998890294015336,,0.3237411325294473,,monomeric-bEFNB2,NiV-pseudo,,
0.0018852536380746328,,0.3131854736404873,,monomeric-bEFNB2,NiV-pseudo,,
0.001974666894355935,,0.30281986984309583,,monomeric-bEFNB2,NiV-pseudo,,
0.002068320816316041,,0.29265115637707034,,monomeric-bEFNB2,NiV-pseudo,,
0.0021664165290022582,,0.28268545486266494,,monomeric-bEFNB2,NiV-pseudo,,
0.0022691646963616126,,0.2729281747623866,,monomeric-bEFNB2,NiV-pseudo,,
0.0023767859736489867,,0.26338401938586303,,monomeric-bEFNB2,NiV-pseudo,,
0.002489511481291935,,0.25405699612879096,,monomeric-bEFNB2,NiV-pseudo,,
0.002607583301229823,,0.2449504306067405,,monomeric-bEFNB2,NiV-pseudo,,
0.0027312549967931955,,0.23606698432173615,,monomeric-bEFNB2,NiV-pseudo,,
0.002860792157239816,,0.2274086754838854,,monomeric-bEFNB2,NiV-pseudo,,
0.002996472968116839,,0.2189769026015191,,monomeric-bEFNB2,NiV-pseudo,,
0.0031385888086738895,,0.21077247045092137,,monomeric-bEFNB2,NiV-pseudo,,
0.003287444877610157,,0.20279561804015986,,monomeric-bEFNB2,NiV-pseudo,,
0.003443360848499143,,0.19504604819021765,,monomeric-bEFNB2,NiV-pseudo,,
0.0036066715562988057,,0.18752295836983027,,monomeric-bEFNB2,NiV-pseudo,,
0.0037777277164212013,,0.18022507243753394,,monomeric-bEFNB2,NiV-pseudo,,
0.003956896677906037,,0.17315067296465325,,monomeric-bEFNB2,NiV-pseudo,,
0.004144563212315469,,0.16629763383568802,,monomeric-bEFNB2,NiV-pseudo,,
0.004341130340044382,,0.15966345284709352,,monomeric-bEFNB2,NiV-pseudo,,
0.0045470201958206745,,0.15324528405120327,,monomeric-bEFNB2,NiV-pseudo,,
0.004762674935254238,,0.14703996961844507,,monomeric-bEFNB2,NiV-pseudo,,
0.004988557684381476,,0.14104407101755473,,monomeric-bEFNB2,NiV-pseudo,,
0.005225153534244509,,0.13525389933974538,,monomeric-bEFNB2,NiV-pseudo,,
0.00537,0.09098,0.13193205583934126,0.006179999999999994,monomeric-bEFNB2,NiV-pseudo,0.09716,0.08480000000000001
0.005472970582641083,,0.1296655446183698,,monomeric-bEFNB2,NiV-pseudo,,
0.00573254102528214,,0.12427490402021472,,monomeric-bEFNB2,NiV-pseudo,,
0.006004422298700663,,0.11907770880789757,,monomeric-bEFNB2,NiV-pseudo,,
0.0062891982773658865,,0.11406954999475631,,monomeric-bEFNB2,NiV-pseudo,,
0.006587480527574051,,0.10924590263392389,,monomeric-bEFNB2,NiV-pseudo,,
0.00689990962080821,,0.1046021487019238,,monomeric-bEFNB2,NiV-pseudo,,
0.007227156509387726,,0.10013359855401212,,monomeric-bEFNB2,NiV-pseudo,,
0.007569923967361661,,0.09583551094364356,,monomeric-bEFNB2,NiV-pseudo,,
0.007928948099740433,,0.09170311161185062,,monomeric-bEFNB2,NiV-pseudo,,
0.008304999923306876,,0.08773161046405141,,monomeric-bEFNB2,NiV-pseudo,,
0.008698887022401501,,0.08391621736190652,,monomeric-bEFNB2,NiV-pseudo,,
0.009111455283237972,,0.08025215656640522,,monomeric-bEFNB2,NiV-pseudo,,
0.009543590710472998,,0.07673467987548864,,monomeric-bEFNB2,NiV-pseudo,,
0.009996221329932161,,0.07335907850529062,,monomeric-bEFNB2,NiV-pseudo,,
0.010470319181577545,,0.07012069376863657,,monomeric-bEFNB2,NiV-pseudo,,
0.01096690240699729,,0.06701492660787095,,monomeric-bEFNB2,NiV-pseudo,,
0.011487037435899987,,0.06403724604151785,,monomeric-bEFNB2,NiV-pseudo,,
0.012031841276309475,,0.061183196585814476,,monomeric-bEFNB2,NiV-pseudo,,
0.012602483913378345,,0.05844840471290808,,monomeric-bEFNB2,NiV-pseudo,,
0.013200190821971648,,0.05582858440757069,,monomeric-bEFNB2,NiV-pseudo,,
0.013826245598416694,,0.05331954188376096,,monomeric-bEFNB2,NiV-pseudo,,
0.014481992717070707,,0.05091717952133744,,monomeric-bEFNB2,NiV-pseudo,,
0.015168840417626166,,0.04861749908178559,,monomeric-bEFNB2,NiV-pseudo,,
0.015888263729354417,,0.046416604260036264,,monomeric-bEFNB2,NiV-pseudo,,
0.0161,0.0054,0.04580541926587676,0.0005600000000000004,monomeric-bEFNB2,NiV-pseudo,0.005960000000000001,0.00484
0.01664180763878217,,0.044310702627396815,,monomeric-bEFNB2,NiV-pseudo,,
0.017431090407603773,,0.04229610701834525,,monomeric-bEFNB2,NiV-pseudo,,
0.01825780704795426,,0.04036923641151299,,monomeric-bEFNB2,NiV-pseudo,,
0.019123732962506794,,0.03852661635264347,,monomeric-bEFNB2,NiV-pseudo,,
0.020030727757211486,,0.036764878964711825,,monomeric-bEFNB2,NiV-pseudo,,
0.02098073923486371,,0.035080762587755526,,monomeric-bEFNB2,NiV-pseudo,,
0.021975807578078196,,0.03347111108833082,,monomeric-bEFNB2,NiV-pseudo,,
0.023018069730652,,0.03193287287590134,,monomeric-bEFNB2,NiV-pseudo,,
0.02410976398672544,,0.030463099660903267,,monomeric-bEFNB2,NiV-pseudo,,
0.025253234797596467,,0.02905894498673612,,monomeric-bEFNB2,NiV-pseudo,,
0.026450937806511154,,0.027717662565511433,,monomeric-bEFNB2,NiV-pseudo,,
0.02770544512224283,,0.02643660444506644,,monomeric-bEFNB2,NiV-pseudo,,
0.02901945084278479,,0.025213219032523472,,monomeric-bEFNB2,NiV-pseudo,,
0.030395776841019413,,0.024045048997553862,,monomeric-bEFNB2,NiV-pseudo,,
0.031837378824787974,,0.022929729076493984,,monomeric-bEFNB2,NiV-pseudo,,
0.03334735268437584,,0.021864983796558546,,monomeric-bEFNB2,NiV-pseudo,,
0.03492894114104428,,0.02084862513760766,,monomeric-bEFNB2,NiV-pseudo,,
0.036585540710886884,,0.019878550147245214,,monomeric-bEFNB2,NiV-pseudo,,
0.038320708998965794,,0.01895273852345737,,monomeric-bEFNB2,NiV-pseudo,,
0.04013817233939194,,0.01806925017753779,,monomeric-bEFNB2,NiV-pseudo,,
0.04204183379775693,,0.0172262227886876,,monomeric-bEFNB2,NiV-pseudo,,
0.04403578155310181,,0.016421869360420064,,monomeric-bEFNB2,NiV-pseudo,,
0.04612429767742349,,0.01565447578773687,,monomeric-bEFNB2,NiV-pseudo,,
0.04831,7e-05,0.014922994831066187,0.0,monomeric-bEFNB2,NiV-pseudo,7e-05,7e-05
0.04831186733157269,,0.014922398442972615,,monomeric-bEFNB2,NiV-pseudo,,
0.050603188397292914,,0.014224061787218972,,monomeric-bEFNB2,NiV-pseudo,,
0.05300318156608423,,0.013557956013339404,,monomeric-bEFNB2,NiV-pseudo,,
0.05551700090655909,,0.012922634725759868,,monomeric-bEFNB2,NiV-pseudo,,
0.058150044932983536,,0.012316712661470152,,monomeric-bEFNB2,NiV-pseudo,,
0.06090796819877393,,0.011738863455987002,,monomeric-bEFNB2,NiV-pseudo,,
0.06379669343984659,,0.01118781745741071,,monomeric-bEFNB2,NiV-pseudo,,
0.06682242429389879,,0.01066235959114651,,monomeric-bEFNB2,NiV-pseudo,,
0.06999165862293588,,0.010161327277357067,,monomeric-bEFNB2,NiV-pseudo,,
0.07331120246765548,,0.009683608402758056,,monomeric-bEFNB2,NiV-pseudo,,
0.07678818466365604,,0.009228139347961857,,monomeric-bEFNB2,NiV-pseudo,,
0.08043007215085879,,0.00879390307121081,,monomeric-bEFNB2,NiV-pseudo,,
0.08424468600901995,,0.00837992724901787,,monomeric-bEFNB2,NiV-pseudo,,
0.08824021825377142,,0.007985282473945391,,monomeric-bEFNB2,NiV-pseudo,,
0.09242524942925828,,0.007609080509499777,,monomeric-bEFNB2,NiV-pseudo,,
0.09680876703515522,,0.007250472601896654,,monomeric-bEFNB2,NiV-pseudo,,
0.10140018482763391,,0.006908647848256889,,monomeric-bEFNB2,NiV-pseudo,,
0.1062093630357311,,0.006582831620624391,,monomeric-bEFNB2,NiV-pseudo,,
0.11124662953653261,,0.006272284045050632,,monomeric-bEFNB2,NiV-pseudo,,
0.11652280203464775,,0.005976298534865704,,monomeric-bEFNB2,NiV-pseudo,,
0.1220492112936054,,0.00569420037714953,,monomeric-bEFNB2,NiV-pseudo,,
0.12783772546906177,,0.00542534537132777,,monomeric-bEFNB2,NiV-pseudo,,
0.13390077559607672,,0.005169118518743237,,monomeric-bEFNB2,NiV-pseudo,,
0.14025138228519282,,0.004924932761993739,,monomeric-bEFNB2,NiV-pseudo,,
0.14493,5e-06,0.004758984951346953,4.9999999999999996e-06,monomeric-bEFNB2,NiV-pseudo,9.999999999999999e-06,8.470329472543003e-22
0.14690318368464786,,0.004692227772779688,,monomeric-bEFNB2,NiV-pseudo,,
0.15387046476877245,,0.004470468786968191,,monomeric-bEFNB2,NiV-pseudo,,
0.16116818801546717,,0.004259145485553869,,monomeric-bEFNB2,NiV-pseudo,,
0.16881202553864363,,0.004057770920178304,,monomeric-bEFNB2,NiV-pseudo,,
0.17681839274463265,,0.0038658804818600006,,monomeric-bEFNB2,NiV-pseudo,,
0.18520448358483907,,0.0036830309115830654,,monomeric-bEFNB2,NiV-pseudo,,
0.19398830748034906,,0.0035087993513952848,,monomeric-bEFNB2,NiV-pseudo,,
0.20318872799778692,,0.0033427824346739412,,monomeric-bEFNB2,NiV-pseudo,,
0.2128255033594788,,0.003184595414229771,,monomeric-bEFNB2,NiV-pseudo,,
0.22291932887492097,,0.003033871326935581,,monomeric-bEFNB2,NiV-pseudo,,
0.23349188138467522,,0.002890260193585329,,monomeric-bEFNB2,NiV-pseudo,,
0.24456586581213535,,0.002753428252711737,,monomeric-bEFNB2,NiV-pseudo,,
0.2561650639231393,,0.002623057227114996,,monomeric-bEFNB2,NiV-pseudo,,
0.2683143853981358,,0.002498843621881785,,monomeric-bEFNB2,NiV-pseudo,,
0.2810399213265876,,0.002380498052701893,,monomeric-bEFNB2,NiV-pseudo,,
0.2943690002384915,,0.002267744603319245,,monomeric-bEFNB2,NiV-pseudo,,
0.308330246793345,,0.002160320210984583,,monomeric-bEFNB2,NiV-pseudo,,
0.3229536432525957,,0.0020579740788082643,,monomeric-bEFNB2,NiV-pseudo,,
0.3382705938675881,,0.001960467113943385,,monomeric-bEFNB2,NiV-pseudo,,
0.3543139923212837,,0.0018675713905614729,,monomeric-bEFNB2,NiV-pseudo,,
0.3711182923685856,,0.0017790696366152363,,monomeric-bEFNB2,NiV-pseudo,,
0.38871958182697375,,0.001694754743415031,,monomeric-bEFNB2,NiV-pseudo,,
0.4071556600763452,,0.0016144292970777878,,monomeric-bEFNB2,NiV-pseudo,,
0.42646611923449224,,0.0015379051309389739,,monomeric-bEFNB2,NiV-pseudo,,
0.43478,1e-05,0.0015070990314458522,0.0,monomeric-bEFNB2,NiV-pseudo,1e-05,1e-05
0.44669242918255225,,0.0014650028980495594,,monomeric-bEFNB2,NiV-pseudo,,
0.46787802662301464,,0.0013955516629110785,,monomeric-bEFNB2,NiV-pseudo,,
0.4900684083615469,,0.0013293885116322892,,monomeric-bEFNB2,NiV-pseudo,,
0.5133112290129639,,0.0012663581797209265,,monomeric-bEFNB2,NiV-pseudo,,
0.5376564033411666,,0.001206312696753338,,monomeric-bEFNB2,NiV-pseudo,,
0.5631562134528303,,0.0011491110471934442,,monomeric-bEFNB2,NiV-pseudo,,
0.5898654210750416,,0.001094618846660405,,monomeric-bEFNB2,NiV-pseudo,,
0.6178413851580092,,0.001042708032971604,,monomeric-bEFNB2,NiV-pseudo,,
0.647144185055399,,0.000993256571314043,,monomeric-bEFNB2,NiV-pseudo,,
0.6778367495468306,,0.000946148172922955,,monomeric-bEFNB2,NiV-pseudo,,
0.7099849919796171,,0.0009012720266713976,,monomeric-bEFNB2,NiV-pseudo,,
0.7436579518199616,,0.0008585225429987834,,monomeric-bEFNB2,NiV-pseudo,,
0.778927942917612,,0.0008177991096296843,,monomeric-bEFNB2,NiV-pseudo,,
0.815870708802359,,0.0007790058585569311,,monomeric-bEFNB2,NiV-pseudo,,
0.8545655853458959,,0.0007420514437848626,,monomeric-bEFNB2,NiV-pseudo,,
0.895095671138356,,0.0007068488293497267,,monomeric-bEFNB2,NiV-pseudo,,
0.9375480059454191,,0.0006733150871546004,,monomeric-bEFNB2,NiV-pseudo,,
2.0863822432174402e-05,,0.9589050163388501,,dimeric-bEFNB3,NiV-pseudo,,
2.1853632970091413e-05,,0.9571666926064994,,dimeric-bEFNB3,NiV-pseudo,,
2.289040158120701e-05,,0.9553582607750198,,dimeric-bEFNB3,NiV-pseudo,,
2.397635602583892e-05,,0.9534771876329226,,dimeric-bEFNB3,NiV-pseudo,,
2.511382975254342e-05,,0.9515208736906469,,dimeric-bEFNB3,NiV-pseudo,,
2.630526691212101e-05,,0.9494866536970964,,dimeric-bEFNB3,NiV-pseudo,,
2.755322760949474e-05,,0.9473717974072031,,dimeric-bEFNB3,NiV-pseudo,,
2.8860393404744533e-05,,0.9451735106226303,,dimeric-bEFNB3,NiV-pseudo,,
3.022957307511957e-05,,0.9428889365286655,,dimeric-bEFNB3,NiV-pseudo,,
3.166370865040816e-05,,0.9405151573512577,,dimeric-bEFNB3,NiV-pseudo,,
3.316588173463542e-05,,0.9380491963589886,,dimeric-bEFNB3,NiV-pseudo,,
3.4739320127670575e-05,,0.935488020235504,,dimeric-bEFNB3,NiV-pseudo,,
3.6387404760974204e-05,,0.9328285418485721,,dimeric-bEFNB3,NiV-pseudo,,
3.8113676962386436e-05,,0.9300676234424431,,dimeric-bEFNB3,NiV-pseudo,,
3.9921846065568584e-05,,0.9272020802805317,,dimeric-bEFNB3,NiV-pseudo,,
4.1815797380446704e-05,,0.9242286847656251,,dimeric-bEFNB3,NiV-pseudo,,
4.379960054178605e-05,,0.9211441710647726,,dimeric-bEFNB3,NiV-pseudo,,
4.5e-05,0.847165,0.9192922457501148,0.02271500000000001,dimeric-bEFNB3,NiV-pseudo,0.86988,0.8244499999999999
4.587751825383288e-05,,0.9179452402657525,,dimeric-bEFNB3,NiV-pseudo,,
4.80540154498164e-05,,0.9146285660914577,,dimeric-bEFNB3,NiV-pseudo,,
5.033376888598949e-05,,0.9111908011977101,,dimeric-bEFNB3,NiV-pseudo,,
5.272167719082638e-05,,0.9076285840788185,,dimeric-bEFNB3,NiV-pseudo,,
5.5222871390968084e-05,,0.9039385466036618,,dimeric-bEFNB3,NiV-pseudo,,
5.7842725936534165e-05,,0.900117322203112,,dimeric-bEFNB3,NiV-pseudo,,
6.058687024949277e-05,,0.8961615547272186,,dimeric-bEFNB3,NiV-pseudo,,
6.346120081990053e-05,,0.8920679079877145,,dimeric-bEFNB3,NiV-pseudo,,
6.647189387600804e-05,,0.8878330759980206,,dimeric-bEFNB3,NiV-pseudo,,
6.962541865545165e-05,,0.8834537939190259,,dimeric-bEFNB3,NiV-pseudo,,
7.292855130605245e-05,,0.878926849714442,,dimeric-bEFNB3,NiV-pseudo,,
7.638838944608729e-05,,0.8742490965144913,,dimeric-bEFNB3,NiV-pseudo,,
8.001236741532315e-05,,0.8694174656810233,,dimeric-bEFNB3,NiV-pseudo,,
8.380827224958032e-05,,0.8644289805609108,,dimeric-bEFNB3,NiV-pseudo,,
8.778426041315531e-05,,0.8592807709076988,,dimeric-bEFNB3,NiV-pseudo,,
9.19488753250517e-05,,0.853970087944032,,dimeric-bEFNB3,NiV-pseudo,,
9.631106571668415e-05,,0.8484943200293168,,dimeric-bEFNB3,NiV-pseudo,,
0.00010088020486049617,,0.8428510088885156,,dimeric-bEFNB3,NiV-pseudo,,
0.00010566611071081455,,0.8370378663488394,,dimeric-bEFNB3,NiV-pseudo,,
0.00011067906700021351,,0.8310527915216012,,dimeric-bEFNB3,NiV-pseudo,,
0.00011592984533672271,,0.8248938883565635,,dimeric-bEFNB3,NiV-pseudo,,
0.00012142972834935917,,0.8185594834859492,,dimeric-bEFNB3,NiV-pseudo,,
0.00012719053393171723,,0.8120481442649337,,dimeric-bEFNB3,NiV-pseudo,,
0.00013322464063571043,,0.8053586969050582,,dimeric-bEFNB3,NiV-pseudo,,
0.000134,0.77219,0.8045085866975815,0.03376000000000001,dimeric-bEFNB3,NiV-pseudo,0.80595,0.73843
0.00013954501427002972,,0.7984902445867257,,dimeric-bEFNB3,NiV-pseudo,,
0.00014616523576047223,,0.791442185426929,,dimeric-bEFNB3,NiV-pseudo,,
0.0001530995303320046,,0.784214230168799,,dimeric-bEFNB3,NiV-pseudo,,
0.00016036279807526694,,0.7768064194506178,,dimeric-bEFNB3,NiV-pseudo,,
0.00016797064596319654,,0.7692191405038481,,dimeric-bEFNB3,NiV-pseudo,,
0.00017593942138656842,,0.7614531431226671,,dimeric-bEFNB3,NiV-pseudo,,
0.0001842862472805087,,0.7535095547417039,,dimeric-bEFNB3,NiV-pseudo,,
0.00019302905891746647,,0.7453898944543451,,dimeric-bEFNB3,NiV-pseudo,,
0.00020218664244569238,,0.7370960858013547,,dimeric-bEFNB3,NiV-pseudo,,
0.0002117786752560462,,0.7286304681587927,,dimeric-bEFNB3,NiV-pseudo,,
0.00022182576826385855,,0.7199958065555728,,dimeric-bEFNB3,NiV-pseudo,,
0.00023234951019671324,,0.7111952997545513,,dimeric-bEFNB3,NiV-pseudo,,
0.00024337251398330167,,0.7022325864370387,,dimeric-bEFNB3,NiV-pseudo,,
0.00025491846534303654,,0.6931117493390507,,dimeric-bEFNB3,NiV-pseudo,,
0.0002670121736808273,,0.6838373171986563,,dimeric-bEFNB3,NiV-pseudo,,
0.000279679625396379,,0.674414264387364,,dimeric-bEFNB3,NiV-pseudo,,
0.0002929480397225631,,0.6648480081146547,,dimeric-bEFNB3,NiV-pseudo,,
0.00030684592721284256,,0.655144403113388,,dimeric-bEFNB3,NiV-pseudo,,
0.0003214031510034277,,0.6453097337347868,,dimeric-bEFNB3,NiV-pseudo,,
0.00033665099098179773,,0.6353507034048209,,dimeric-bEFNB3,NiV-pseudo,,
0.0003526222109994747,,0.6252744214188127,,dimeric-bEFNB3,NiV-pseudo,,
0.0003693511292734642,,0.6150883870777065,,dimeric-bEFNB3,NiV-pseudo,,
0.00038687369212765427,,0.604800471197252,,dimeric-bEFNB3,NiV-pseudo,,
0.000403,0.6168899999999999,0.5956581460112159,0.004160000000000025,dimeric-bEFNB3,NiV-pseudo,0.62105,0.6127299999999999
0.00040522755123260365,,0.5944188950500433,,dimeric-bEFNB3,NiV-pseudo,,
0.0004244521445097115,,0.5839522068293693,,dimeric-bEFNB3,NiV-pseudo,,
0.00044458878087358795,,0.573409255752818,,dimeric-bEFNB3,NiV-pseudo,,
0.000465680728994741,,0.5627991639519226,,dimeric-bEFNB3,NiV-pseudo,,
0.0004877733102732824,,0.5521312963214517,,dimeric-bEFNB3,NiV-pseudo,,
0.0005109139962234575,,0.5414152285276156,,dimeric-bEFNB3,NiV-pseudo,,
0.0005351525104782289,,0.530660713398119,,dimeric-bEFNB3,NiV-pseudo,,
0.0005605409356331154,,0.5198776459380644,,dimeric-bEFNB3,NiV-pseudo,,
0.0005871338251588582,,0.5090760272338798,,dimeric-bEFNB3,NiV-pseudo,,
0.0006149883206233886,,0.4982659275222931,,dimeric-bEFNB3,NiV-pseudo,,
0.0006441642744749805,,0.48745744871260693,,dimeric-bEFNB3,NiV-pseudo,,
0.0006747243786504148,,0.4766606866579373,,dimeric-bEFNB3,NiV-pseudo,,
0.0007067342992845072,,0.46588569347448566,,dimeric-bEFNB3,NiV-pseudo,,
0.0007402628178104534,,0.45514244020725764,,dimeric-bEFNB3,NiV-pseudo,,
0.0007753819787541834,,0.44444078013594623,,dimeric-bEFNB3,NiV-pseudo,,
0.0008121672445402978,,0.4337904130060414,,dimeric-bEFNB3,NiV-pseudo,,
0.00085069765764223,,0.423200850457799,,dimeric-bEFNB3,NiV-pseudo,,
0.0008910560104250397,,0.4126813829097649,,dimeric-bEFNB3,NiV-pseudo,,
0.00093332902304582,,0.4022410481343938,,dimeric-bEFNB3,NiV-pseudo,,
0.0009776075297939365,,0.3918886017413633,,dimeric-bEFNB3,NiV-pseudo,,
0.00102398667427155,,0.3816324897598173,,dimeric-bEFNB3,NiV-pseudo,,
0.0010725661138337637,,0.37148082348453526,,dimeric-bEFNB3,NiV-pseudo,,
0.0011234502337277399,,0.36144135672330774,,dimeric-bEFNB3,NiV-pseudo,,
0.0011767483713908656,,0.35152146555421,,dimeric-bEFNB3,NiV-pseudo,,
0.00121,0.43988499999999997,0.3456182336208431,0.046415000000000026,dimeric-bEFNB3,NiV-pseudo,0.4863,0.39346999999999993
0.0012325750513899815,,0.3417281306724011,,dimeric-bEFNB3,NiV-pseudo,,
0.0012910502315064505,,0.3320679223771272,,dimeric-bEFNB3,NiV-pseudo,,
0.0013522995604958806,,0.3225469882211453,,dimeric-bEFNB3,NiV-pseudo,,
0.0014164546480763443,,0.31317104331731815,,dimeric-bEFNB3,NiV-pseudo,,
0.001483653347725237,,0.3039453632709947,,dimeric-bEFNB3,NiV-pseudo,,
0.001554040052892439,,0.2948747796823606,,dimeric-bEFNB3,NiV-pseudo,,
0.0016277660072662637,,0.28596367814048945,,dimeric-bEFNB3,NiV-pseudo,,
0.0017049896297588827,,0.2772159986105881,,dimeric-bEFNB3,NiV-pseudo,,
0.0017858768549095386,,0.2686352380980816,,dimeric-bEFNB3,NiV-pseudo,,
0.0018706014894369883,,0.2602244554578415,,dimeric-bEFNB3,NiV-pseudo,,
0.001959345585707319,,0.25198627820409125,,dimeric-bEFNB3,NiV-pseudo,,
0.002052299832919642,,0.24392291116632797,,dimeric-bEFNB3,NiV-pseudo,,
0.002149663966850182,,0.23603614682895907,,dimeric-bEFNB3,NiV-pseudo,,
0.0022516471990352642,,0.22832737718715218,,dimeric-bEFNB3,NiV-pseudo,,
0.002358468666315371,,0.2207976069485666,,dimeric-bEFNB3,NiV-pseudo,,
0.002470357901706202,,0.2134474679099816,,dimeric-bEFNB3,NiV-pseudo,,
0.0025875553276085927,,0.2062772343392029,,dimeric-bEFNB3,NiV-pseudo,,
0.002710312772417013,,0.1992868391958368,,dimeric-bEFNB3,NiV-pseudo,,
0.0028388940116367478,,0.19247589102933305,,dimeric-bEFNB3,NiV-pseudo,,
0.002973575334672468,,0.1858436913989251,,dimeric-bEFNB3,NiV-pseudo,,
0.0031146461385060976,,0.17938925266751143,,dimeric-bEFNB3,NiV-pseudo,,
0.003262409549539625,,0.1731113160299118,,dimeric-bEFNB3,NiV-pseudo,,
0.003417183074939061,,0.16700836964509277,,dimeric-bEFNB3,NiV-pseudo,,
0.003579299284879115,,0.16107866675168464,,dimeric-bEFNB3,NiV-pseudo,,
0.003631,0.072615,0.15927878436505458,0.014715000000000002,dimeric-bEFNB3,NiV-pseudo,0.08733,0.05789999999999999
0.0037491065271545664,,0.15532024365622882,,dimeric-bEFNB3,NiV-pseudo,,
0.003926969675693851,,0.14973093749391883,,dimeric-bEFNB3,NiV-pseudo,,
0.004113270914583243,,0.14430840367198466,,dimeric-bEFNB3,NiV-pseudo,,
0.0043084105592862965,,0.13905013291617405,,dimeric-bEFNB3,NiV-pseudo,,
0.004512807916823149,,0.13395346785088544,,dimeric-bEFNB3,NiV-pseudo,,
0.00472690218675801,,0.12901561905330303,,dimeric-bEFNB3,NiV-pseudo,,
0.004951153404930811,,0.12423368053128825,,dimeric-bEFNB3,NiV-pseudo,,
0.0051860434319608885,,0.11960464458371926,,dimeric-bEFNB3,NiV-pseudo,,
0.005432076988646757,,0.11512541601039254,,dimeric-bEFNB3,NiV-pseudo,,
0.0056897827404867275,,0.11079282564646116,,dimeric-bEFNB3,NiV-pseudo,,
0.005959714433650838,,0.10660364320365645,,dimeric-bEFNB3,NiV-pseudo,,
0.00624245208484494,,0.10255458940721333,,dimeric-bEFNB3,NiV-pseudo,,
0.0065386032276237025,,0.09864234742347879,,dimeric-bEFNB3,NiV-pseudo,,
0.006848804217830545,,0.0948635735786411,,dimeric-bEFNB3,NiV-pseudo,,
0.007173721600969563,,0.09121490737388006,,dimeric-bEFNB3,NiV-pseudo,,
0.0075140535444476065,,0.08769298080652467,,dimeric-bEFNB3,NiV-pseudo,,
0.00787053133776402,,0.08429442701053955,,dimeric-bEFNB3,NiV-pseudo,,
0.008243920963871623,,0.0810158882328686,,dimeric-bEFNB3,NiV-pseudo,,
0.008635024745085353,,0.077854023164878,,dimeric-bEFNB3,NiV-pseudo,,
0.00904468306707525,,0.07480551365039012,,dimeric-bEFNB3,NiV-pseudo,,
0.00947377618464823,,0.0718670707936215,,dimeric-bEFNB3,NiV-pseudo,,
0.009923226113198782,,0.06903544049176583,,dimeric-bEFNB3,NiV-pseudo,,
0.010393998609892905,,0.06630740841803041,,dimeric-bEFNB3,NiV-pseudo,,
0.01088710524884232,,0.06367980448167906,,dimeric-bEFNB3,NiV-pseudo,,
0.010893,0.00047000000000000004,0.06364969928196738,4.000000000000001e-05,dimeric-bEFNB3,NiV-pseudo,0.00051,0.00043000000000000004
0.011403605594728021,,0.06114950679208544,,dimeric-bEFNB3,NiV-pseudo,,
0.011944609479543724,,0.05871344515399583,,dimeric-bEFNB3,NiV-pseudo,,
0.012511279387351387,,0.05636860412116443,,dimeric-bEFNB3,NiV-pseudo,,
0.013104832952173108,,0.05411202563529111,,dimeric-bEFNB3,NiV-pseudo,,
0.013726545574386573,,0.05194081127678847,,dimeric-bEFNB3,NiV-pseudo,,
0.014377753161246301,,0.04985212415335128,,dimeric-bEFNB3,NiV-pseudo,,
0.015059854997419199,,0.04784319045163153,,dimeric-bEFNB3,NiV-pseudo,,
0.01577431675170256,,0.04591130067654651,,dimeric-bEFNB3,NiV-pseudo,,
0.016522673626385233,,0.044053810601892895,,dimeric-bEFNB3,NiV-pseudo,,
0.0173065336560191,,0.04226814195502184,,dimeric-bEFNB3,NiV-pseudo,,
0.018127581162689144,,0.04055178285736343,,dimeric-bEFNB3,NiV-pseudo,,
0.018987580375206693,,0.038902288041589864,,dimeric-bEFNB3,NiV-pseudo,,
0.01988837922000243,,0.03731727886518705,,dimeric-bEFNB3,NiV-pseudo,,
0.020831913291865064,,0.03579444313917338,,dimeric-bEFNB3,NiV-pseudo,,
0.021820210013057628,,0.03433153478967514,,dimeric-bEFNB3,NiV-pseudo,,
0.022855392989748452,,0.03292637336904466,,dimeric-bEFNB3,NiV-pseudo,,
0.023939686575117615,,0.031576843432200276,,dimeric-bEFNB3,NiV-pseudo,,
0.025075420648943924,,0.030280893792879862,,dimeric-bEFNB3,NiV-pseudo,,
0.026265035623942553,,0.029036536673538046,,dimeric-bEFNB3,NiV-pseudo,,
0.027511087689610705,,0.027841846761685708,,dimeric-bEFNB3,NiV-pseudo,,
0.028816254304849076,,0.026694960184570016,,dimeric-bEFNB3,NiV-pseudo,,
0.03018333995116149,,0.025594073413229224,,dimeric-bEFNB3,NiV-pseudo,,
0.031615282158794535,,0.024537442106128588,,dimeric-bEFNB3,NiV-pseudo,,
0.03268,5e-06,0.02380853567071894,4.9999999999999996e-06,dimeric-bEFNB3,NiV-pseudo,9.999999999999999e-06,8.470329472543003e-22
0.03311515781876647,,0.023523379901792818,,dimeric-bEFNB3,NiV-pseudo,,
0.034686189794347976,,0.02255025716909996,,dimeric-bEFNB3,NiV-pseudo,,
0.03633175384620122,,0.02161649972318825,,dimeric-bEFNB3,NiV-pseudo,,
0.03805538588605796,,0.020720587514253538,,dimeric-bEFNB3,NiV-pseudo,,
0.039860789574522604,,0.019861053295879495,,dimeric-bEFNB3,NiV-pseudo,,
0.04175184427932646,,0.019036481278944493,,dimeric-bEFNB3,NiV-pseudo,,
0.0437326134111332,,0.018245505776588233,,dimeric-bEFNB3,NiV-pseudo,,
0.045807353154807294,,0.017486809845195597,,dimeric-bEFNB3,NiV-pseudo,,
0.04798052161490665,,0.016759123925864802,,dimeric-bEFNB3,NiV-pseudo,,
0.05025678839505106,,0.016061224490369237,,dimeric-bEFNB3,NiV-pseudo,,
0.05264104463174984,,0.01539193269519742,,dimeric-bEFNB3,NiV-pseudo,,
0.055138413504249216,,0.01475011304686057,,dimeric-bEFNB3,NiV-pseudo,,
0.057754261242982316,,0.014134672081291707,,dimeric-bEFNB3,NiV-pseudo,,
0.06049420866027632,,0.013544557059822626,,dimeric-bEFNB3,NiV-pseudo,,
0.06336414322809332,,0.012978754683913228,,dimeric-bEFNB3,NiV-pseudo,,
0.06637023172875703,,0.012436289830521113,,dimeric-bEFNB3,NiV-pseudo,,
0.069518933505849,,0.011916224309735837,,dimeric-bEFNB3,NiV-pseudo,,
0.07281701434374611,,0.011417655646061165,,dimeric-bEFNB3,NiV-pseudo,,
0.07627156100562468,,0.010939715884507371,,dimeric-bEFNB3,NiV-pseudo,,
0.07988999646116843,,0.010481570422454877,,dimeric-bEFNB3,NiV-pseudo,,
0.08368009583670157,,0.010042416868066732,,dimeric-bEFNB3,NiV-pseudo,,
0.08765000312201975,,0.009621483925861131,,dimeric-bEFNB3,NiV-pseudo,,
0.09180824866981767,,0.009218030309904406,,dimeric-bEFNB3,NiV-pseudo,,
0.09616376752531541,,0.00883134368494859,,dimeric-bEFNB3,NiV-pseudo,,
0.098039,2.5e-05,0.00867500918460416,1.4999999999999999e-05,dimeric-bEFNB3,NiV-pseudo,3.9999999999999996e-05,1.0000000000000003e-05
0.10072591862546933,,0.008460739635715073,,dimeric-bEFNB3,NiV-pseudo,,
0.10550450490902177,,0.008105560664415633,,dimeric-bEFNB3,NiV-pseudo,,
0.11050979438060136,,0.007765175216503586,,dimeric-bEFNB3,NiV-pseudo,,
0.11575254217413515,,0.0074389767345598365,,dimeric-bEFNB3,NiV-pseudo,,
0.12124401366298176,,0.007126382740140588,,dimeric-bEFNB3,NiV-pseudo,,
0.12699600866644328,,0.006826833943344508,,dimeric-bEFNB3,NiV-pseudo,,
0.13302088680466978,,0.00653979337979635,,dimeric-bEFNB3,NiV-pseudo,,
0.13933159405643816,,0.006264745574691103,,dimeric-bEFNB3,NiV-pseudo,,
0.14594169057687076,,0.006001195733496575,,dimeric-bEFNB3,NiV-pseudo,,
0.15286537983486825,,0.005748668958872586,,dimeric-bEFNB3,NiV-pseudo,,
0.16011753913286458,,0.0055067094933311835,,dimeric-bEFNB3,NiV-pseudo,,
0.16771375157448545,,0.00527487998713346,,dimeric-bEFNB3,NiV-pseudo,,
0.17567033954879765,,0.005052760790895038,,dimeric-bEFNB3,NiV-pseudo,,
0.18400439980310268,,0.004839949272352513,,dimeric-bEFNB3,NiV-pseudo,,
0.19273384017963427,,0.004636059156727935,,dimeric-bEFNB3,NiV-pseudo,,
0.20187741809509951,,0.004440719890116243,,dimeric-bEFNB3,NiV-pseudo,,
0.21145478084574618,,0.004253576025311929,,dimeric-bEFNB3,NiV-pseudo,,
9.274831736462816e-05,,0.9891467050683449,,monomeric-bEFNB3,NiV-pseudo,,
9.714715734175318e-05,,0.9889665648334481,,monomeric-bEFNB3,NiV-pseudo,,
0.00010175462421038571,,0.9887834685811779,,monomeric-bEFNB3,NiV-pseudo,,
0.00010658061266551074,,0.9885973689389534,,monomeric-bEFNB3,NiV-pseudo,,
0.00011163548668480283,,0.988408217812949,,monomeric-bEFNB3,NiV-pseudo,,
0.00011693010178562826,,0.9882159663783885,,monomeric-bEFNB3,NiV-pseudo,,
0.00012247582833764515,,0.9880205650697556,,monomeric-bEFNB3,NiV-pseudo,,
0.0001282845759810671,,0.987821963570917,,monomeric-bEFNB3,NiV-pseudo,,
0.00013436881920302822,,0.9876201108051624,,monomeric-bEFNB3,NiV-pseudo,,
0.0001407416241269779,,0.9874149549251596,,monomeric-bEFNB3,NiV-pseudo,,
0.00014741667657263392,,0.9872064433028279,,monomeric-bEFNB3,NiV-pseudo,,
0.00015440831144675516,,0.9869945225191304,,monomeric-bEFNB3,NiV-pseudo,,
0.00016173154352785142,,0.9867791383537865,,monomeric-bEFNB3,NiV-pseudo,,
0.00016940209971094133,,0.9865602357749053,,monomeric-bEFNB3,NiV-pseudo,,
0.00017743645278160504,,0.9863377589285433,,monomeric-bEFNB3,NiV-pseudo,,
0.00018585185679186291,,0.986111651128186,,monomeric-bEFNB3,NiV-pseudo,,
0.00019466638411385107,,0.9858818548441576,,monomeric-bEFNB3,NiV-pseudo,,
0.0002,1.02474,0.9857460804681158,0.02252000000000004,monomeric-bEFNB3,NiV-pseudo,1.04726,1.0022199999999999
0.00020389896425086754,,0.9856483116929564,,monomeric-bEFNB3,NiV-pseudo,,
0.00021356942448913773,,0.9854109624265239,,monomeric-bEFNB3,NiV-pseudo,,
0.00022369853247759886,,0.985169746921444,,monomeric-bEFNB3,NiV-pseudo,,
0.00023430804082714784,,0.9849246041680784,,monomeric-bEFNB3,NiV-pseudo,,
0.0002454207338251273,,0.984675472259638,,monomeric-bEFNB3,NiV-pseudo,,
0.0002570604763653733,,0.9844222883811963,,monomeric-bEFNB3,NiV-pseudo,,
0.00026925226519890346,,0.9841649887986416,,monomeric-bEFNB3,NiV-pseudo,,
0.0002820222826153065,,0.9839035088475778,,monomeric-bEFNB3,NiV-pseudo,,
0.0002953979526701182,,0.9836377829221712,,monomeric-bEFNB3,NiV-pseudo,,
0.0003094080000789323,,0.9833677444639489,,monomeric-bEFNB3,NiV-pseudo,,
0.0003240825119047236,,0.9830933259505525,,monomeric-bEFNB3,NiV-pseudo,,
0.00033945300217086015,,0.9828144588844476,,monomeric-bEFNB3,NiV-pseudo,,
0.00035555247953856237,,0.9825310737815971,,monomeric-bEFNB3,NiV-pseudo,,
0.0003724155181941462,,0.9822431001600981,,monomeric-bEFNB3,NiV-pseudo,,
0.00039007833209829263,,0.9819504665287884,,monomeric-bEFNB3,NiV-pseudo,,
0.00040857885275677935,,0.981653100375826,,monomeric-bEFNB3,NiV-pseudo,,
0.00042795681067970973,,0.9813509281572459,,monomeric-bEFNB3,NiV-pseudo,,
0.0004482538207041604,,0.9810438752855007,,monomeric-bEFNB3,NiV-pseudo,,
0.00046951347136348813,,0.9807318661179845,,monomeric-bEFNB3,NiV-pseudo,,
0.0004917814184952176,,0.9804148239455521,,monomeric-bEFNB3,NiV-pseudo,,
0.0005151054832885373,,0.9800926709810319,,monomeric-bEFNB3,NiV-pseudo,,
0.0005395357549819623,,0.9797653283477433,,monomeric-bEFNB3,NiV-pseudo,,
0.0005651246984317123,,0.9794327160680201,,monomeric-bEFNB3,NiV-pseudo,,
0.0005919272667818115,,0.9790947530517483,,monomeric-bEFNB3,NiV-pseudo,,
0.0006,0.93758,0.9789949331094056,0.02681,monomeric-bEFNB3,NiV-pseudo,0.96439,0.91077
0.0006200010194778694,,0.9787513570849226,,monomeric-bEFNB3,NiV-pseudo,,
0.0006494062458779943,,0.9784024448182294,,monomeric-bEFNB3,NiV-pseudo,,
0.0006802060947262731,,0.9780479317556614,,monomeric-bEFNB3,NiV-pseudo,,
0.0007124667097668978,,0.9776877322431723,,monomeric-bEFNB3,NiV-pseudo,,
0.000746257371790148,,0.9773217594573761,,monomeric-bEFNB3,NiV-pseudo,,
0.0007816506474152927,,0.9769499253943011,,monomeric-bEFNB3,NiV-pseudo,,
0.0008187225449299238,,0.9765721408582044,,monomeric-bEFNB3,NiV-pseudo,,
0.0008575526775203905,,0.976188315450455,,monomeric-bEFNB3,NiV-pseudo,,
0.0008982244342438807,,0.9757983575584948,,monomeric-bEFNB3,NiV-pseudo,,
0.000940825159109314,,0.975402174344884,,monomeric-bEFNB3,NiV-pseudo,,
0.000985446338651633,,0.9749996717364416,,monomeric-bEFNB3,NiV-pseudo,,
0.0010321837984023075,,0.9745907544134895,,monomeric-bEFNB3,NiV-pseudo,,
0.001081137908677999,,0.9741753257992075,,monomeric-bEFNB3,NiV-pseudo,,
0.0011324138001292828,,0.9737532880491133,,monomeric-bEFNB3,NiV-pseudo,,
0.001186121589512387,,0.9733245420406734,,monomeric-bEFNB3,NiV-pseudo,,
0.0012423766161687292,,0.9728889873630575,,monomeric-bEFNB3,NiV-pseudo,,
0.0013012996897201685,,0.9724465223070455,,monomeric-bEFNB3,NiV-pseudo,,
0.0013630173495118533,,0.9719970438551014,,monomeric-bEFNB3,NiV-pseudo,,
0.0014276621363598593,,0.9715404476716211,,monomeric-bEFNB3,NiV-pseudo,,
0.0014953728771871897,,0.9710766280933696,,monomeric-bEFNB3,NiV-pseudo,,
0.0015662949831594104,,0.970605478120118,,monomeric-bEFNB3,NiV-pseudo,,
0.0016405807619601762,,0.9701268894054933,,monomeric-bEFNB3,NiV-pseudo,,
0.001718389744877257,,0.9696407522480542,,monomeric-bEFNB3,NiV-pseudo,,
0.00179,0.924655,0.9692060716295464,0.054294999999999975,monomeric-bEFNB3,NiV-pseudo,0.97895,0.87036
0.0017998890294015336,,0.9691469555826057,,monomeric-bEFNB3,NiV-pseudo,,
0.0018852536380746328,,0.9686453869717664,,monomeric-bEFNB3,NiV-pseudo,,
0.001974666894355935,,0.9681359325978042,,monomeric-bEFNB3,NiV-pseudo,,
0.002068320816316041,,0.9676184772547518,,monomeric-bEFNB3,NiV-pseudo,,
0.0021664165290022582,,0.9670929043408213,,monomeric-bEFNB3,NiV-pseudo,,
0.0022691646963616126,,0.9665590958511281,,monomeric-bEFNB3,NiV-pseudo,,
0.0023767859736489867,,0.9660169323707454,,monomeric-bEFNB3,NiV-pseudo,,
0.002489511481291935,,0.9654662930681018,,monomeric-bEFNB3,NiV-pseudo,,
0.002607583301229823,,0.9649070556887414,,monomeric-bEFNB3,NiV-pseudo,,
0.0027312549967931955,,0.9643390965494595,,monomeric-bEFNB3,NiV-pseudo,,
0.002860792157239816,,0.9637622905328385,,monomeric-bEFNB3,NiV-pseudo,,
0.002996472968116839,,0.9631765110821949,,monomeric-bEFNB3,NiV-pseudo,,
0.0031385888086738895,,0.9625816301969607,,monomeric-bEFNB3,NiV-pseudo,,
0.003287444877610157,,0.9619775184285162,,monomeric-bEFNB3,NiV-pseudo,,
0.003443360848499143,,0.9613640448764956,,monomeric-bEFNB3,NiV-pseudo,,
0.0036066715562988057,,0.9607410771855831,,monomeric-bEFNB3,NiV-pseudo,,
0.0037777277164212013,,0.9601084815428217,,monomeric-bEFNB3,NiV-pseudo,,
0.003956896677906037,,0.9594661226754554,,monomeric-bEFNB3,NiV-pseudo,,
0.004144563212315469,,0.9588138638493271,,monomeric-bEFNB3,NiV-pseudo,,
0.004341130340044382,,0.9581515668678516,,monomeric-bEFNB3,NiV-pseudo,,
0.0045470201958206745,,0.9574790920715897,,monomeric-bEFNB3,NiV-pseudo,,
0.004762674935254238,,0.9567962983384443,,monomeric-bEFNB3,NiV-pseudo,,
0.004988557684381476,,0.9561030430845021,,monomeric-bEFNB3,NiV-pseudo,,
0.005225153534244509,,0.955399182265546,,monomeric-bEFNB3,NiV-pseudo,,
0.00537,0.9658599999999999,0.9549787986012593,0.021460000000000007,monomeric-bEFNB3,NiV-pseudo,0.98732,0.9443999999999999
0.005472970582641083,,0.9546845703792616,,monomeric-bEFNB3,NiV-pseudo,,
0.00573254102528214,,0.9539590604681633,,monomeric-bEFNB3,NiV-pseudo,,
0.006004422298700663,,0.953222504123266,,monomeric-bEFNB3,NiV-pseudo,,
0.0062891982773658865,,0.9524747514885272,,monomeric-bEFNB3,NiV-pseudo,,
0.006587480527574051,,0.9517156512660873,,monomeric-bEFNB3,NiV-pseudo,,
0.00689990962080821,,0.9509450507223335,,monomeric-bEFNB3,NiV-pseudo,,
0.007227156509387726,,0.9501627956948174,,monomeric-bEFNB3,NiV-pseudo,,
0.007569923967361661,,0.9493687306000509,,monomeric-bEFNB3,NiV-pseudo,,
0.007928948099740433,,0.9485626984422107,,monomeric-bEFNB3,NiV-pseudo,,
0.008304999923306876,,0.9477445408227811,,monomeric-bEFNB3,NiV-pseudo,,
0.008698887022401501,,0.9469140979511611,,monomeric-bEFNB3,NiV-pseudo,,
0.009111455283237972,,0.9460712086562699,,monomeric-bEFNB3,NiV-pseudo,,
0.009543590710472998,,0.9452157103991766,,monomeric-bEFNB3,NiV-pseudo,,
0.009996221329932161,,0.9443474392867885,,monomeric-bEFNB3,NiV-pseudo,,
0.010470319181577545,,0.9434662300866261,,monomeric-bEFNB3,NiV-pseudo,,
0.01096690240699729,,0.9425719162427167,,monomeric-bEFNB3,NiV-pseudo,,
0.011487037435899987,,0.9416643298926398,,monomeric-bEFNB3,NiV-pseudo,,
0.012031841276309475,,0.9407433018857548,,monomeric-bEFNB3,NiV-pseudo,,
0.012602483913378345,,0.9398086618026437,,monomeric-bEFNB3,NiV-pseudo,,
0.013200190821971648,,0.9388602379758009,,monomeric-bEFNB3,NiV-pseudo,,
0.013826245598416694,,0.9378978575116057,,monomeric-bEFNB3,NiV-pseudo,,
0.014481992717070707,,0.9369213463136057,,monomeric-bEFNB3,NiV-pseudo,,
0.015168840417626166,,0.9359305291071499,,monomeric-bEFNB3,NiV-pseudo,,
0.015888263729354417,,0.9349252294654012,,monomeric-bEFNB3,NiV-pseudo,,
0.0161,0.9733449999999999,0.9346353310329465,0.0005849999999999744,monomeric-bEFNB3,NiV-pseudo,0.9739299999999999,0.97276
0.01664180763878217,,0.9339052698367644,,monomeric-bEFNB3,NiV-pseudo,,
0.017431090407603773,,0.9328704715737612,,monomeric-bEFNB3,NiV-pseudo,,
0.01825780704795426,,0.9318206549633907,,monomeric-bEFNB3,NiV-pseudo,,
0.019123732962506794,,0.9307556392590025,,monomeric-bEFNB3,NiV-pseudo,,
0.020030727757211486,,0.9296752427137238,,monomeric-bEFNB3,NiV-pseudo,,
0.02098073923486371,,0.9285792826154698,,monomeric-bEFNB3,NiV-pseudo,,
0.021975807578078196,,0.9274675753235727,,monomeric-bEFNB3,NiV-pseudo,,
0.023018069730652,,0.9263399363070647,,monomeric-bEFNB3,NiV-pseudo,,
0.02410976398672544,,0.9251961801846458,,monomeric-bEFNB3,NiV-pseudo,,
0.025253234797596467,,0.9240361207663739,,monomeric-bEFNB3,NiV-pseudo,,
0.026450937806511154,,0.9228595710971069,,monomeric-bEFNB3,NiV-pseudo,,
0.02770544512224283,,0.9216663435017309,,monomeric-bEFNB3,NiV-pseudo,,
0.02901945084278479,,0.9204562496322102,,monomeric-bEFNB3,NiV-pseudo,,
0.030395776841019413,,0.9192291005164859,,monomeric-bEFNB3,NiV-pseudo,,
0.031837378824787974,,0.9179847066092603,,monomeric-bEFNB3,NiV-pseudo,,
0.03334735268437584,,0.9167228778446946,,monomeric-bEFNB3,NiV-pseudo,,
0.03492894114104428,,0.9154434236910527,,monomeric-bEFNB3,NiV-pseudo,,
0.036585540710886884,,0.91414615320732,,monomeric-bEFNB3,NiV-pseudo,,
0.038320708998965794,,0.9128308751018274,,monomeric-bEFNB3,NiV-pseudo,,
0.04013817233939194,,0.9114973977929078,,monomeric-bEFNB3,NiV-pseudo,,
0.04204183379775693,,0.9101455294716149,,monomeric-bEFNB3,NiV-pseudo,,
0.04403578155310181,,0.9087750781665267,,monomeric-bEFNB3,NiV-pseudo,,
0.04612429767742349,,0.9073858518106651,,monomeric-bEFNB3,NiV-pseudo,,
0.04831,0.9053549999999999,0.9059788409142907,0.018465000000000037,monomeric-bEFNB3,NiV-pseudo,0.92382,0.8868899999999998
0.04831186733157269,,0.9059776583105502,,monomeric-bEFNB3,NiV-pseudo,,
0.050603188397292914,,0.9045503056174173,,monomeric-bEFNB3,NiV-pseudo,,
0.05300318156608423,,0.9031036018006152,,monomeric-bEFNB3,NiV-pseudo,,
0.05551700090655909,,0.9016373551232075,,monomeric-bEFNB3,NiV-pseudo,,
0.058150044932983536,,0.9001513741197975,,monomeric-bEFNB3,NiV-pseudo,,
0.06090796819877393,,0.8986454676765909,,monomeric-bEFNB3,NiV-pseudo,,
0.06379669343984659,,0.8971194451137149,,monomeric-bEFNB3,NiV-pseudo,,
0.06682242429389879,,0.8955731162698071,,monomeric-bEFNB3,NiV-pseudo,,
0.06999165862293588,,0.8940062915888841,,monomeric-bEFNB3,NiV-pseudo,,
0.07331120246765548,,0.8924187822095052,,monomeric-bEFNB3,NiV-pseudo,,
0.07678818466365604,,0.890810400056231,,monomeric-bEFNB3,NiV-pseudo,,
0.08043007215085879,,0.8891809579333936,,monomeric-bEFNB3,NiV-pseudo,,
0.08424468600901995,,0.8875302696211705,,monomeric-bEFNB3,NiV-pseudo,,
0.08824021825377142,,0.8858581499739734,,monomeric-bEFNB3,NiV-pseudo,,
0.09242524942925828,,0.8841644150211425,,monomeric-bEFNB3,NiV-pseudo,,
0.09680876703515522,,0.8824488820699494,,monomeric-bEFNB3,NiV-pseudo,,
0.10140018482763391,,0.8807113698108958,,monomeric-bEFNB3,NiV-pseudo,,
0.1062093630357311,,0.8789516984253026,,monomeric-bEFNB3,NiV-pseudo,,
0.11124662953653261,,0.8771696896951752,,monomeric-bEFNB3,NiV-pseudo,,
0.11652280203464775,,0.875365167115329,,monomeric-bEFNB3,NiV-pseudo,,
0.1220492112936054,,0.8735379560077583,,monomeric-bEFNB3,NiV-pseudo,,
0.12783772546906177,,0.8716878836382237,,monomeric-bEFNB3,NiV-pseudo,,
0.13390077559607672,,0.8698147793350351,,monomeric-bEFNB3,NiV-pseudo,,
0.14025138228519282,,0.8679184746099997,,monomeric-bEFNB3,NiV-pseudo,,
0.14493,0.85844,0.8665614558874348,0.02137,monomeric-bEFNB3,NiV-pseudo,0.87981,0.83707
0.14690318368464786,,0.8659988032815027,,monomeric-bEFNB3,NiV-pseudo,,
0.15387046476877245,,0.8640556015996843,,monomeric-bEFNB3,NiV-pseudo,,
0.16116818801546717,,0.8620887083736736,,monomeric-bEFNB3,NiV-pseudo,,
0.16881202553864363,,0.860097965100833,,monomeric-bEFNB3,NiV-pseudo,,
0.17681839274463265,,0.8580832160979679,,monomeric-bEFNB3,NiV-pseudo,,
0.18520448358483907,,0.8560443086344451,,monomeric-bEFNB3,NiV-pseudo,,
0.19398830748034906,,0.8539810930671685,,monomeric-bEFNB3,NiV-pseudo,,
0.20318872799778692,,0.8518934229773456,,monomeric-bEFNB3,NiV-pseudo,,
0.2128255033594788,,0.8497811553089829,,monomeric-bEFNB3,NiV-pseudo,,
0.22291932887492097,,0.8476441505090403,,monomeric-bEFNB3,NiV-pseudo,,
0.23349188138467522,,0.8454822726691651,,monomeric-bEFNB3,NiV-pseudo,,
0.24456586581213535,,0.8432953896689346,,monomeric-bEFNB3,NiV-pseudo,,
0.2561650639231393,,0.8410833733205146,,monomeric-bEFNB3,NiV-pseudo,,
0.2683143853981358,,0.8388460995146507,,monomeric-bEFNB3,NiV-pseudo,,
0.2810399213265876,,0.836583448367897,,monomeric-bEFNB3,NiV-pseudo,,
0.2943690002384915,,0.834295304370982,,monomeric-bEFNB3,NiV-pseudo,,
0.308330246793345,,0.8319815565382115,,monomeric-bEFNB3,NiV-pseudo,,
0.3229536432525957,,0.8296420985577965,,monomeric-bEFNB3,NiV-pseudo,,
0.3382705938675881,,0.827276828942995,,monomeric-bEFNB3,NiV-pseudo,,
0.3543139923212837,,0.8248856511839479,,monomeric-bEFNB3,NiV-pseudo,,
0.3711182923685856,,0.8224684739000848,,monomeric-bEFNB3,NiV-pseudo,,
0.38871958182697375,,0.8200252109929747,,monomeric-bEFNB3,NiV-pseudo,,
0.4071556600763452,,0.8175557817994826,,monomeric-bEFNB3,NiV-pseudo,,
0.42646611923449224,,0.8150601112450975,,monomeric-bEFNB3,NiV-pseudo,,
0.43478,0.8126450000000001,0.814012486981426,0.0006449999999999789,monomeric-bEFNB3,NiV-pseudo,0.8132900000000001,0.812
0.44669242918255225,,0.8125381299972869,,monomeric-bEFNB3,NiV-pseudo,,
0.46787802662301464,,0.8099897746187297,,monomeric-bEFNB3,NiV-pseudo,,
0.4900684083615469,,0.807414987720274,,monomeric-bEFNB3,NiV-pseudo,,
0.5133112290129639,,0.8048137181134615,,monomeric-bEFNB3,NiV-pseudo,,
0.5376564033411666,,0.8021859209624578,,monomeric-bEFNB3,NiV-pseudo,,
0.5631562134528303,,0.7995315579352197,,monomeric-bEFNB3,NiV-pseudo,,
0.5898654210750416,,0.7968505973537265,,monomeric-bEFNB3,NiV-pseudo,,
0.6178413851580092,,0.794143014343105,,monomeric-bEFNB3,NiV-pseudo,,
0.647144185055399,,0.7914087909794612,,monomeric-bEFNB3,NiV-pseudo,,
0.6778367495468306,,0.7886479164362398,,monomeric-bEFNB3,NiV-pseudo,,
0.7099849919796171,,0.7858603871289215,,monomeric-bEFNB3,NiV-pseudo,,
0.7436579518199616,,0.7830462068578671,,monomeric-bEFNB3,NiV-pseudo,,
0.778927942917612,,0.780205386949113,,monomeric-bEFNB3,NiV-pseudo,,
0.815870708802359,,0.7773379463929213,,monomeric-bEFNB3,NiV-pseudo,,
0.8545655853458959,,0.7744439119798819,,monomeric-bEFNB3,NiV-pseudo,,
0.895095671138356,,0.7715233184343642,,monomeric-bEFNB3,NiV-pseudo,,
0.9375480059454191,,0.7685762085451107,,monomeric-bEFNB3,NiV-pseudo,,
